{"textures":{"0":"modelengine:entity/heart_texture"},"elements":[{"from":[6.3899493,7.628325,7.428571],"to":[7.5899496,9.342611,8.571428],"rotation":{"angle":45.0,"axis":"z","origin":[7.275664,8.828325,8.0]},"faces":{"east":{"uv":[12.0,14.25,12.5,15.0],"rotation":0,"texture":"#0","tintindex":0},"south":{"uv":[12.5,14.25,13.0,15.0],"rotation":0,"texture":"#0","tintindex":0},"north":{"uv":[11.5,14.25,12.0,15.0],"rotation":0,"texture":"#0","tintindex":0},"west":{"uv":[13.0,14.25,13.5,15.0],"rotation":0,"texture":"#0","tintindex":0},"up":{"uv":[11.0,15.0,10.5,14.5],"rotation":0,"texture":"#0","tintindex":0},"down":{"uv":[15.0,10.5,14.5,11.0],"rotation":0,"texture":"#0","tintindex":0}}},{"from":[7.5125017,5.616142,6.857143],"to":[9.855359,9.616142,9.142858],"rotation":{"angle":0.0,"axis":"y","origin":[4.7125015,5.3304276,12.514286]},"faces":{"east":{"uv":[10.5,12.75,11.5,14.5],"rotation":0,"texture":"#0","tintindex":0},"south":{"uv":[0.0,13.0,1.0,14.75],"rotation":0,"texture":"#0","tintindex":0},"north":{"uv":[9.5,12.75,10.5,14.5],"rotation":0,"texture":"#0","tintindex":0},"west":{"uv":[1.0,13.0,2.0,14.75],"rotation":0,"texture":"#0","tintindex":0},"up":{"uv":[5.0,14.5,4.0,13.5],"rotation":0,"texture":"#0","tintindex":0},"down":{"uv":[14.5,4.0,13.5,5.0],"rotation":0,"texture":"#0","tintindex":0}}}],"display":{"head":{"translation":[0.0,-6.4,0.0],"scale":[4.0,4.0,4.0]}}}