{"textures":{"0":"modelengine:entity/goblin_coins_main","2":"modelengine:entity/goblin_coins_weapon"},"elements":[{"from":[5.713714,8.0,6.285714],"to":[10.286285,11.428572,9.714286],"rotation":{"angle":0.0,"axis":"y","origin":[6.857143,8.0,8.0]},"faces":{"east":{"uv":[4.0,6.5,7.0,9.5],"rotation":0,"texture":"#0","tintindex":0},"south":{"uv":[0.0,3.5,4.0,7.0],"rotation":0,"texture":"#0","tintindex":0},"north":{"uv":[0.0,0.5,4.0,3.5],"rotation":0,"texture":"#0","tintindex":0},"west":{"uv":[0.0,7.5,3.0,10.5],"rotation":0,"texture":"#0","tintindex":0},"up":{"uv":[8.0,3.0,4.0,0.5],"rotation":0,"texture":"#0","tintindex":0},"down":{"uv":[8.0,3.0,4.0,6.0],"rotation":0,"texture":"#0","tintindex":0}}},{"from":[7.428571,8.571428,5.142857],"to":[8.571428,10.285714,6.285714],"rotation":{"angle":0.0,"axis":"y","origin":[6.857143,8.0,4.5714283]},"faces":{"east":{"uv":[2.0,10.5,3.0,12.0],"rotation":0,"texture":"#0","tintindex":0},"south":{"uv":[2.0,12.0,3.0,13.5],"rotation":0,"texture":"#0","tintindex":0},"north":{"uv":[3.0,7.0,4.0,8.5],"rotation":0,"texture":"#0","tintindex":0},"west":{"uv":[12.0,11.0,13.0,12.5],"rotation":0,"texture":"#0","tintindex":0},"up":{"uv":[4.0,9.5,3.0,8.5],"rotation":0,"texture":"#0","tintindex":0},"down":{"uv":[4.0,13.0,3.0,14.0],"rotation":0,"texture":"#0","tintindex":0}}},{"from":[3.4285712,8.571428,7.428571],"to":[5.714286,11.428572,7.428571],"rotation":{"angle":45.0,"axis":"y","origin":[5.714286,9.714286,7.428571]},"faces":{"east":{"uv":[0.0,0.0,0.0,2.5],"rotation":0,"texture":"#0","tintindex":0},"south":{"uv":[12.0,5.5,10.0,8.0],"rotation":0,"texture":"#0","tintindex":0},"north":{"uv":[10.0,5.5,12.0,8.0],"rotation":0,"texture":"#0","tintindex":0},"west":{"uv":[0.0,0.0,0.0,2.5],"rotation":0,"texture":"#0","tintindex":0},"up":{"uv":[2.0,0.0,0.0,0.0],"rotation":0,"texture":"#0","tintindex":0},"down":{"uv":[2.0,0.0,0.0,0.0],"rotation":0,"texture":"#0","tintindex":0}}},{"from":[10.285714,8.571428,7.428571],"to":[12.571428,11.428572,7.428571],"rotation":{"angle":-45.0,"axis":"y","origin":[10.285714,9.714286,7.428571]},"faces":{"east":{"uv":[0.0,0.0,0.0,2.5],"rotation":0,"texture":"#0","tintindex":0},"south":{"uv":[2.0,10.5,0.0,13.0],"rotation":0,"texture":"#0","tintindex":0},"north":{"uv":[0.0,10.5,2.0,13.0],"rotation":0,"texture":"#0","tintindex":0},"west":{"uv":[0.0,0.0,0.0,2.5],"rotation":0,"texture":"#0","tintindex":0},"up":{"uv":[2.0,0.0,0.0,0.0],"rotation":0,"texture":"#0","tintindex":0},"down":{"uv":[2.0,0.0,0.0,0.0],"rotation":0,"texture":"#0","tintindex":0}}},{"from":[6.857143,12.0,6.857143],"to":[9.714286,13.142858,6.857143],"rotation":{"angle":0.0,"axis":"y","origin":[8.0,11.428572,6.857143]},"faces":{"east":{"uv":[12.5,10.0,12.5,11.0],"rotation":0,"texture":"#2","tintindex":0},"south":{"uv":[12.5,14.0,10.0,15.0],"rotation":0,"texture":"#2","tintindex":0},"north":{"uv":[10.0,14.0,12.5,15.0],"rotation":0,"texture":"#2","tintindex":0},"west":{"uv":[12.0,10.0,12.0,11.0],"rotation":0,"texture":"#2","tintindex":0},"up":{"uv":[10.0,11.0,12.5,11.0],"rotation":0,"texture":"#2","tintindex":0},"down":{"uv":[10.0,11.0,12.5,11.0],"rotation":0,"texture":"#2","tintindex":0}}},{"from":[6.857143,12.0,9.714286],"to":[9.714286,13.142858,9.714286],"rotation":{"angle":0.0,"axis":"y","origin":[8.0,11.428572,9.714286]},"faces":{"east":{"uv":[10.0,12.0,10.0,13.0],"rotation":0,"texture":"#2","tintindex":0},"south":{"uv":[10.0,13.0,12.5,14.0],"rotation":0,"texture":"#2","tintindex":0},"north":{"uv":[12.5,13.0,10.0,14.0],"rotation":0,"texture":"#2","tintindex":0},"west":{"uv":[7.5,12.0,7.5,13.0],"rotation":0,"texture":"#2","tintindex":0},"up":{"uv":[7.5,13.0,10.0,13.0],"rotation":0,"texture":"#2","tintindex":0},"down":{"uv":[5.0,13.0,7.5,13.0],"rotation":0,"texture":"#2","tintindex":0}}},{"from":[9.714286,12.0,6.857143],"to":[9.714286,13.142858,9.714286],"rotation":{"angle":0.0,"axis":"y","origin":[8.0,11.428572,8.0]},"faces":{"east":{"uv":[10.0,12.0,12.5,13.0],"rotation":0,"texture":"#2","tintindex":0},"south":{"uv":[10.0,13.0,10.0,14.0],"rotation":0,"texture":"#2","tintindex":0},"north":{"uv":[10.0,14.0,10.0,15.0],"rotation":0,"texture":"#2","tintindex":0},"west":{"uv":[12.5,12.0,10.0,13.0],"rotation":0,"texture":"#2","tintindex":0},"up":{"uv":[7.5,13.0,7.5,15.5],"rotation":0,"texture":"#2","tintindex":0},"down":{"uv":[5.0,13.0,5.0,15.5],"rotation":0,"texture":"#2","tintindex":0}}},{"from":[6.857143,12.0,6.857143],"to":[6.857143,13.142858,9.714286],"rotation":{"angle":0.0,"axis":"y","origin":[5.142857,11.428572,8.0]},"faces":{"east":{"uv":[10.0,12.0,7.5,13.0],"rotation":0,"texture":"#2","tintindex":0},"south":{"uv":[10.0,13.0,10.0,14.0],"rotation":0,"texture":"#2","tintindex":0},"north":{"uv":[10.0,14.0,10.0,15.0],"rotation":0,"texture":"#2","tintindex":0},"west":{"uv":[7.5,12.0,10.0,13.0],"rotation":0,"texture":"#2","tintindex":0},"up":{"uv":[7.5,13.0,7.5,15.5],"rotation":0,"texture":"#2","tintindex":0},"down":{"uv":[5.0,13.0,5.0,15.5],"rotation":0,"texture":"#2","tintindex":0}}},{"from":[6.857143,11.428572,6.857143],"to":[9.714286,12.0,9.714286],"rotation":{"angle":0.0,"axis":"y","origin":[5.142857,11.428572,8.0]},"faces":{"east":{"uv":[3.5,14.5,6.0,15.0],"rotation":0,"texture":"#2","tintindex":0},"south":{"uv":[3.5,15.5,6.0,16.0],"rotation":0,"texture":"#2","tintindex":0},"north":{"uv":[3.5,15.0,6.0,15.5],"rotation":0,"texture":"#2","tintindex":0},"west":{"uv":[3.5,14.0,6.0,14.5],"rotation":0,"texture":"#2","tintindex":0},"up":{"uv":[13.5,3.0,16.0,5.5],"rotation":0,"texture":"#2","tintindex":0},"down":{"uv":[13.5,3.0,16.0,5.5],"rotation":0,"texture":"#2","tintindex":0}}},{"from":[6.885714,12.0,9.142858],"to":[8.6,13.714286,9.142858],"rotation":{"angle":45.0,"axis":"x","origin":[7.742857,12.857143,9.142858]},"faces":{"east":{"uv":[0.0,0.0,0.0,5.5],"rotation":0,"texture":"#2","tintindex":0},"south":{"uv":[2.0,0.0,9.0,7.5],"rotation":0,"texture":"#2","tintindex":0},"north":{"uv":[9.0,0.0,2.0,7.5],"rotation":0,"texture":"#2","tintindex":0},"west":{"uv":[0.0,0.0,0.0,5.5],"rotation":0,"texture":"#2","tintindex":0},"up":{"uv":[4.5,0.0,0.0,0.0],"rotation":0,"texture":"#2","tintindex":0},"down":{"uv":[4.5,0.0,0.0,0.0],"rotation":0,"texture":"#2","tintindex":0}}},{"from":[6.885714,12.0,8.571428],"to":[8.6,13.714286,8.571428],"rotation":{"angle":45.0,"axis":"x","origin":[7.742857,12.857143,8.571428]},"faces":{"east":{"uv":[0.0,0.0,0.0,5.5],"rotation":0,"texture":"#2","tintindex":0},"south":{"uv":[2.0,0.0,9.0,7.5],"rotation":0,"texture":"#2","tintindex":0},"north":{"uv":[9.0,0.0,2.0,7.5],"rotation":0,"texture":"#2","tintindex":0},"west":{"uv":[0.0,0.0,0.0,5.5],"rotation":0,"texture":"#2","tintindex":0},"up":{"uv":[4.5,0.0,0.0,0.0],"rotation":0,"texture":"#2","tintindex":0},"down":{"uv":[4.5,0.0,0.0,0.0],"rotation":0,"texture":"#2","tintindex":0}}},{"from":[9.457143,12.142858,6.9714284],"to":[9.457143,13.857143,8.685715],"rotation":{"angle":-22.5,"axis":"z","origin":[8.6,13.0,8.685715]},"faces":{"east":{"uv":[2.0,0.0,9.0,7.5],"rotation":0,"texture":"#2","tintindex":0},"south":{"uv":[2.0,0.0,9.0,7.5],"rotation":0,"texture":"#2","tintindex":0},"north":{"uv":[9.0,0.0,2.0,7.5],"rotation":0,"texture":"#2","tintindex":0},"west":{"uv":[2.0,0.0,9.0,7.5],"rotation":0,"texture":"#2","tintindex":0},"up":{"uv":[4.5,0.0,0.0,0.0],"rotation":0,"texture":"#2","tintindex":0},"down":{"uv":[4.5,0.0,0.0,0.0],"rotation":0,"texture":"#2","tintindex":0}}},{"from":[8.885715,12.285715,6.9714284],"to":[8.885715,14.0,8.685715],"rotation":{"angle":-45.0,"axis":"z","origin":[8.028571,13.142858,8.685715]},"faces":{"east":{"uv":[2.0,0.0,9.0,7.5],"rotation":0,"texture":"#2","tintindex":0},"south":{"uv":[2.0,0.0,9.0,7.5],"rotation":0,"texture":"#2","tintindex":0},"north":{"uv":[9.0,0.0,2.0,7.5],"rotation":0,"texture":"#2","tintindex":0},"west":{"uv":[2.0,0.0,9.0,7.5],"rotation":0,"texture":"#2","tintindex":0},"up":{"uv":[4.5,0.0,0.0,0.0],"rotation":0,"texture":"#2","tintindex":0},"down":{"uv":[4.5,0.0,0.0,0.0],"rotation":0,"texture":"#2","tintindex":0}}},{"from":[7.742857,11.142858,6.9714284],"to":[7.742857,12.857143,8.685715],"rotation":{"angle":45.0,"axis":"z","origin":[6.885714,12.0,8.685715]},"faces":{"east":{"uv":[2.0,0.0,9.0,7.5],"rotation":0,"texture":"#2","tintindex":0},"south":{"uv":[2.0,0.0,9.0,7.5],"rotation":0,"texture":"#2","tintindex":0},"north":{"uv":[9.0,0.0,2.0,7.5],"rotation":0,"texture":"#2","tintindex":0},"west":{"uv":[2.0,0.0,9.0,7.5],"rotation":0,"texture":"#2","tintindex":0},"up":{"uv":[4.5,0.0,0.0,0.0],"rotation":0,"texture":"#2","tintindex":0},"down":{"uv":[4.5,0.0,0.0,0.0],"rotation":0,"texture":"#2","tintindex":0}}},{"from":[8.314285,11.142858,6.9714284],"to":[8.314285,12.857143,8.685715],"rotation":{"angle":45.0,"axis":"z","origin":[7.457143,12.0,8.685715]},"faces":{"east":{"uv":[2.0,0.0,9.0,7.5],"rotation":0,"texture":"#2","tintindex":0},"south":{"uv":[2.0,0.0,9.0,7.5],"rotation":0,"texture":"#2","tintindex":0},"north":{"uv":[9.0,0.0,2.0,7.5],"rotation":0,"texture":"#2","tintindex":0},"west":{"uv":[2.0,0.0,9.0,7.5],"rotation":0,"texture":"#2","tintindex":0},"up":{"uv":[4.5,0.0,0.0,0.0],"rotation":0,"texture":"#2","tintindex":0},"down":{"uv":[4.5,0.0,0.0,0.0],"rotation":0,"texture":"#2","tintindex":0}}},{"from":[7.742857,12.285715,6.9714284],"to":[9.457143,12.285715,8.685715],"rotation":{"angle":0.0,"axis":"y","origin":[6.885714,12.571428,8.685715]},"faces":{"east":{"uv":[2.0,0.0,9.0,7.5],"rotation":0,"texture":"#2","tintindex":0},"south":{"uv":[2.0,0.0,9.0,7.5],"rotation":0,"texture":"#2","tintindex":0},"north":{"uv":[9.0,0.0,2.0,7.5],"rotation":0,"texture":"#2","tintindex":0},"west":{"uv":[2.0,0.0,9.0,7.5],"rotation":0,"texture":"#2","tintindex":0},"up":{"uv":[9.0,0.0,2.0,7.5],"rotation":0,"texture":"#2","tintindex":0},"down":{"uv":[9.0,0.0,2.0,7.5],"rotation":0,"texture":"#2","tintindex":0}}},{"from":[8.028571,12.0,8.857143],"to":[9.742857,13.714286,8.857143],"rotation":{"angle":22.5,"axis":"x","origin":[8.885715,12.857143,8.857143]},"faces":{"east":{"uv":[0.0,0.0,0.0,5.5],"rotation":0,"texture":"#2","tintindex":0},"south":{"uv":[2.0,0.0,9.0,7.5],"rotation":0,"texture":"#2","tintindex":0},"north":{"uv":[9.0,0.0,2.0,7.5],"rotation":0,"texture":"#2","tintindex":0},"west":{"uv":[0.0,0.0,0.0,5.5],"rotation":0,"texture":"#2","tintindex":0},"up":{"uv":[4.5,0.0,0.0,0.0],"rotation":0,"texture":"#2","tintindex":0},"down":{"uv":[4.5,0.0,0.0,0.0],"rotation":0,"texture":"#2","tintindex":0}}},{"from":[8.028571,12.0,9.428572],"to":[9.742857,13.714286,9.428572],"rotation":{"angle":22.5,"axis":"x","origin":[8.885715,12.857143,9.428572]},"faces":{"east":{"uv":[0.0,0.0,0.0,5.5],"rotation":0,"texture":"#2","tintindex":0},"south":{"uv":[2.0,0.0,9.0,7.5],"rotation":0,"texture":"#2","tintindex":0},"north":{"uv":[9.0,0.0,2.0,7.5],"rotation":0,"texture":"#2","tintindex":0},"west":{"uv":[0.0,0.0,0.0,5.5],"rotation":0,"texture":"#2","tintindex":0},"up":{"uv":[4.5,0.0,0.0,0.0],"rotation":0,"texture":"#2","tintindex":0},"down":{"uv":[4.5,0.0,0.0,0.0],"rotation":0,"texture":"#2","tintindex":0}}},{"from":[7.457143,12.0,7.142857],"to":[9.171429,13.714286,7.142857],"rotation":{"angle":-22.5,"axis":"x","origin":[8.314285,12.857143,7.142857]},"faces":{"east":{"uv":[0.0,0.0,0.0,5.5],"rotation":0,"texture":"#2","tintindex":0},"south":{"uv":[2.0,0.0,9.0,7.5],"rotation":0,"texture":"#2","tintindex":0},"north":{"uv":[9.0,0.0,2.0,7.5],"rotation":0,"texture":"#2","tintindex":0},"west":{"uv":[0.0,0.0,0.0,5.5],"rotation":0,"texture":"#2","tintindex":0},"up":{"uv":[4.5,0.0,0.0,0.0],"rotation":0,"texture":"#2","tintindex":0},"down":{"uv":[4.5,0.0,0.0,0.0],"rotation":0,"texture":"#2","tintindex":0}}}],"display":{"head":{"translation":[0.0,-6.4,0.0],"scale":[4.0,4.0,4.0]}}}