{"textures":{"0":"modelengine:entity/hopper_cultist_texture"},"elements":[{"from":[5.714286,4.9523807,6.857143],"to":[10.285714,11.809524,9.142858],"rotation":{"angle":0.0,"axis":"y","origin":[8.0,7.2380953,8.0]},"faces":{"east":{"uv":[2.0,7.0,3.0,10.0],"rotation":0,"texture":"#0","tintindex":0},"south":{"uv":[4.0,3.0,6.0,6.0],"rotation":0,"texture":"#0","tintindex":0},"north":{"uv":[4.0,0.0,6.0,3.0],"rotation":0,"texture":"#0","tintindex":0},"west":{"uv":[3.0,7.0,4.0,10.0],"rotation":0,"texture":"#0","tintindex":0},"up":{"uv":[11.0,1.0,9.0,0.0],"rotation":0,"texture":"#0","tintindex":0},"down":{"uv":[11.0,1.0,9.0,2.0],"rotation":0,"texture":"#0","tintindex":0}}}],"display":{"head":{"translation":[0.0,-6.4,0.0],"scale":[4.0,4.0,4.0]}}}