{"textures":{"0":"modelengine:entity/hopper_cultist_texture"},"elements":[{"from":[6.6285715,5.3754797,6.4645643],"to":[9.3714285,6.97548,9.207421],"rotation":{"angle":0.0,"axis":"y","origin":[8.0,6.7469087,7.835993]},"faces":{"east":{"uv":[12.25,3.75,13.5,4.5],"rotation":0,"texture":"#0","tintindex":0},"south":{"uv":[12.25,4.5,13.5,5.25],"rotation":0,"texture":"#0","tintindex":0},"north":{"uv":[12.25,3.0,13.5,3.75],"rotation":0,"texture":"#0","tintindex":0},"west":{"uv":[12.25,5.25,13.5,6.0],"rotation":0,"texture":"#0","tintindex":0},"up":{"uv":[11.25,5.25,10.0,4.0],"rotation":0,"texture":"#0","tintindex":0},"down":{"uv":[11.25,5.25,10.0,6.5],"rotation":0,"texture":"#0","tintindex":0}}},{"from":[6.9714284,6.289766,6.807421],"to":[9.028571,8.918338,8.864564],"rotation":{"angle":22.5,"axis":"x","origin":[8.0,6.7469087,7.835993]},"faces":{"east":{"uv":[1.0,11.0,2.0,12.5],"rotation":0,"texture":"#0","tintindex":0},"south":{"uv":[11.0,1.5,12.0,3.0],"rotation":0,"texture":"#0","tintindex":0},"north":{"uv":[11.0,0.0,12.0,1.5],"rotation":0,"texture":"#0","tintindex":0},"west":{"uv":[4.0,11.0,5.0,12.5],"rotation":0,"texture":"#0","tintindex":0},"up":{"uv":[10.0,12.5,9.0,11.5],"rotation":0,"texture":"#0","tintindex":0},"down":{"uv":[1.0,12.0,0.0,13.0],"rotation":0,"texture":"#0","tintindex":0}}}],"display":{"head":{"translation":[0.0,-6.4,0.0],"scale":[4.0,4.0,4.0]}}}