{"textures":{"0":"modelengine:entity/wolf_main","1":"modelengine:entity/wolf_extra"},"elements":[{"from":[5.142857,2.6843424,3.702702],"to":[8.571428,10.112914,9.988417],"rotation":{"angle":-22.5,"axis":"x","origin":[8.0,10.112914,4.274131]},"faces":{"east":{"uv":[6.75,4.125,8.125,5.75],"rotation":0,"texture":"#0","tintindex":0},"south":{"uv":[10.0,4.75,10.75,6.375],"rotation":0,"texture":"#0","tintindex":0},"north":{"uv":[9.625,9.875,10.375,11.5],"rotation":0,"texture":"#0","tintindex":0},"west":{"uv":[6.75,5.75,8.125,7.375],"rotation":0,"texture":"#0","tintindex":0},"up":{"uv":[7.625,11.75,6.875,10.375],"rotation":0,"texture":"#0","tintindex":0},"down":{"uv":[8.375,10.375,7.625,11.75],"rotation":0,"texture":"#0","tintindex":0}}},{"from":[7.428571,0.39862776,3.702702],"to":[7.428571,12.970057,13.416988],"rotation":{"angle":-22.5,"axis":"x","origin":[8.571428,10.112914,4.274131]},"faces":{"east":{"uv":[6.8,0.0,3.4,4.4],"rotation":0,"texture":"#1","tintindex":0},"south":{"uv":[0.0,0.0,0.0,4.4],"rotation":0,"texture":"#1","tintindex":0},"north":{"uv":[0.0,0.0,0.0,4.4],"rotation":0,"texture":"#1","tintindex":0},"west":{"uv":[3.4,0.0,6.8,4.4],"rotation":0,"texture":"#1","tintindex":0},"up":{"uv":[0.0,3.4,0.0,0.0],"rotation":0,"texture":"#1","tintindex":0},"down":{"uv":[0.0,0.0,0.0,3.4],"rotation":0,"texture":"#1","tintindex":0}}},{"from":[5.714286,0.5714283,5.714286],"to":[8.571428,5.142857,9.714286],"rotation":{"angle":0.0,"axis":"y","origin":[8.0,0.5714283,6.285714]},"faces":{"east":{"uv":[10.5,7.125,11.375,8.125],"rotation":0,"texture":"#0","tintindex":0},"south":{"uv":[4.125,11.625,4.75,12.625],"rotation":0,"texture":"#0","tintindex":0},"north":{"uv":[11.625,3.375,12.25,4.375],"rotation":0,"texture":"#0","tintindex":0},"west":{"uv":[2.125,10.625,3.0,11.625],"rotation":0,"texture":"#0","tintindex":0},"up":{"uv":[12.5,10.75,11.875,9.875],"rotation":0,"texture":"#0","tintindex":0},"down":{"uv":[12.5,10.75,11.875,11.625],"rotation":0,"texture":"#0","tintindex":0}}},{"from":[6.857143,-0.57142925,7.428571],"to":[6.857143,5.142857,12.0],"rotation":{"angle":0.0,"axis":"y","origin":[8.0,0.5714283,8.571428]},"faces":{"east":{"uv":[7.0,13.2,5.4,15.2],"rotation":0,"texture":"#1","tintindex":0},"south":{"uv":[0.0,0.0,0.0,2.0],"rotation":0,"texture":"#1","tintindex":0},"north":{"uv":[0.0,0.0,0.0,2.0],"rotation":0,"texture":"#1","tintindex":0},"west":{"uv":[5.4,13.2,7.0,15.2],"rotation":0,"texture":"#1","tintindex":0},"up":{"uv":[0.0,1.6,0.0,0.0],"rotation":0,"texture":"#1","tintindex":0},"down":{"uv":[0.0,0.0,0.0,1.6],"rotation":0,"texture":"#1","tintindex":0}}}],"display":{"head":{"translation":[0.0,-6.4,0.0],"scale":[4.0,4.0,4.0]}}}