{"textures":{"0":"modelengine:entity/blood_elemental"},"elements":[{"from":[21.196613,0.0040130615,-8.421005],"to":[24.900457,5.55978,0.8386059],"rotation":{"angle":22.5,"axis":"x","origin":[8.140561,1.1746721,3.3343725]},"faces":{"east":{"uv":[7.752,0.002,8.0605,0.1855],"rotation":0,"texture":"#0","tintindex":0},"south":{"uv":[5.0645,9.502,5.1855,9.6855],"rotation":0,"texture":"#0","tintindex":0},"north":{"uv":[4.877,9.502,4.998,9.6855],"rotation":0,"texture":"#0","tintindex":0},"west":{"uv":[7.752,5.127,8.0605,5.3105],"rotation":0,"texture":"#0","tintindex":0},"up":{"uv":[8.6855,7.5605,8.5645,7.252],"rotation":0,"texture":"#0","tintindex":0},"down":{"uv":[8.6855,7.627,8.5645,7.9355],"rotation":0,"texture":"#0","tintindex":0}}},{"from":[8.140561,-3.702345,11.628853],"to":[8.140561,22.224571,32.0],"rotation":{"angle":22.5,"axis":"x","origin":[8.140561,1.1746721,3.3343725]},"faces":{"east":{"uv":[0.002,1.377,0.6855,2.248],"rotation":0,"texture":"#0","tintindex":0},"south":{"uv":[8.0645,10.002,8.0645,10.873],"rotation":0,"texture":"#0","tintindex":0},"north":{"uv":[8.002,10.002,8.002,10.873],"rotation":0,"texture":"#0","tintindex":0},"west":{"uv":[0.752,1.877,1.4355,2.748],"rotation":0,"texture":"#0","tintindex":0},"up":{"uv":[8.127,10.6855,8.127,10.002],"rotation":0,"texture":"#0","tintindex":0},"down":{"uv":[8.1895,10.002,8.1895,10.6855],"rotation":0,"texture":"#0","tintindex":0}}},{"from":[6.288638,-7.406189,9.776931],"to":[9.992483,14.816879,22.740387],"rotation":{"angle":22.5,"axis":"x","origin":[8.140561,1.1746721,3.3343725]},"faces":{"east":{"uv":[2.9395,3.502,3.373,4.248],"rotation":0,"texture":"#0","tintindex":0},"south":{"uv":[0.502,6.9395,0.623,7.6855],"rotation":0,"texture":"#0","tintindex":0},"north":{"uv":[6.002,6.877,6.123,7.623],"rotation":0,"texture":"#0","tintindex":0},"west":{"uv":[3.4395,3.502,3.873,4.248],"rotation":0,"texture":"#0","tintindex":0},"up":{"uv":[0.8105,7.373,0.6895,6.9395],"rotation":0,"texture":"#0","tintindex":0},"down":{"uv":[4.0605,8.1895,3.9395,8.623],"rotation":0,"texture":"#0","tintindex":0}}},{"from":[13.696328,0.0015010834,7.925009],"to":[22.95594,3.7053452,19.036543],"rotation":{"angle":22.5,"axis":"x","origin":[8.140561,1.1746721,3.3343725]},"faces":{"east":{"uv":[8.5645,1.377,8.9355,1.498],"rotation":0,"texture":"#0","tintindex":0},"south":{"uv":[8.9395,1.127,9.248,1.248],"rotation":0,"texture":"#0","tintindex":0},"north":{"uv":[8.9395,0.9395,9.248,1.0605],"rotation":0,"texture":"#0","tintindex":0},"west":{"uv":[8.5645,1.5645,8.9355,1.6855],"rotation":0,"texture":"#0","tintindex":0},"up":{"uv":[6.873,5.1855,6.5645,4.8145],"rotation":0,"texture":"#0","tintindex":0},"down":{"uv":[6.9355,3.9395,6.627,4.3105],"rotation":0,"texture":"#0","tintindex":0}}},{"from":[-6.674818,0.0015010834,7.925009],"to":[2.5847936,3.7053452,19.036543],"rotation":{"angle":22.5,"axis":"x","origin":[8.140561,1.1746721,3.3343725]},"faces":{"east":{"uv":[8.502,0.002,8.873,0.123],"rotation":0,"texture":"#0","tintindex":0},"south":{"uv":[8.9395,0.002,9.248,0.123],"rotation":0,"texture":"#0","tintindex":0},"north":{"uv":[8.377,8.8145,8.6855,8.9355],"rotation":0,"texture":"#0","tintindex":0},"west":{"uv":[8.502,1.9395,8.873,2.0605],"rotation":0,"texture":"#0","tintindex":0},"up":{"uv":[3.998,6.873,3.6895,6.502],"rotation":0,"texture":"#0","tintindex":0},"down":{"uv":[4.373,6.502,4.0645,6.873],"rotation":0,"texture":"#0","tintindex":0}}},{"from":[2.5847936,-7.406189,7.925009],"to":[13.696328,11.113035,19.036543],"rotation":{"angle":22.5,"axis":"x","origin":[8.140561,1.1746721,3.3343725]},"faces":{"east":{"uv":[5.002,3.6895,5.373,4.3105],"rotation":0,"texture":"#0","tintindex":0},"south":{"uv":[5.002,4.377,5.373,4.998],"rotation":0,"texture":"#0","tintindex":0},"north":{"uv":[2.1895,4.9395,2.5605,5.5605],"rotation":0,"texture":"#0","tintindex":0},"west":{"uv":[2.627,5.0645,2.998,5.6855],"rotation":0,"texture":"#0","tintindex":0},"up":{"uv":[4.9355,4.0605,4.5645,3.6895],"rotation":0,"texture":"#0","tintindex":0},"down":{"uv":[0.373,5.9395,0.002,6.3105],"rotation":0,"texture":"#0","tintindex":0}}},{"from":[-4.7534494,-7.406189,0.5173192],"to":[21.03457,9.261112,17.18462],"rotation":{"angle":22.5,"axis":"x","origin":[8.140561,1.1746721,3.3343725]},"faces":{"east":{"uv":[0.627,3.752,1.1855,4.3105],"rotation":0,"texture":"#0","tintindex":0},"south":{"uv":[2.877,0.002,3.748,0.5605],"rotation":0,"texture":"#0","tintindex":0},"north":{"uv":[1.502,2.5645,2.373,3.123],"rotation":0,"texture":"#0","tintindex":0},"west":{"uv":[3.8145,0.002,4.373,0.5605],"rotation":0,"texture":"#0","tintindex":0},"up":{"uv":[3.748,1.1855,2.877,0.627],"rotation":0,"texture":"#0","tintindex":0},"down":{"uv":[3.3105,2.877,2.4395,3.4355],"rotation":0,"texture":"#0","tintindex":0}}},{"from":[-8.57304,7.1032333,-9.083797],"to":[-4.869193,16.362844,-3.5280323],"rotation":{"angle":22.5,"axis":"x","origin":[8.140561,1.1746721,3.3343725]},"faces":{"east":{"uv":[4.373,7.752,4.1895,8.0605],"rotation":0,"texture":"#0","tintindex":0},"south":{"uv":[6.998,8.5645,6.877,8.873],"rotation":0,"texture":"#0","tintindex":0},"north":{"uv":[6.8105,8.5645,6.6895,8.873],"rotation":0,"texture":"#0","tintindex":0},"west":{"uv":[7.9355,3.252,7.752,3.5605],"rotation":0,"texture":"#0","tintindex":0},"up":{"uv":[9.502,3.998,9.623,3.8145],"rotation":0,"texture":"#0","tintindex":0},"down":{"uv":[4.0645,9.502,4.1855,9.6855],"rotation":0,"texture":"#0","tintindex":0}}},{"from":[21.150314,7.1032333,-9.083797],"to":[24.85416,16.362844,-3.5280323],"rotation":{"angle":22.5,"axis":"x","origin":[8.140561,1.1746721,3.3343725]},"faces":{"east":{"uv":[7.752,3.252,7.9355,3.5605],"rotation":0,"texture":"#0","tintindex":0},"south":{"uv":[6.877,8.5645,6.998,8.873],"rotation":0,"texture":"#0","tintindex":0},"north":{"uv":[6.6895,8.5645,6.8105,8.873],"rotation":0,"texture":"#0","tintindex":0},"west":{"uv":[4.1895,7.752,4.373,8.0605],"rotation":0,"texture":"#0","tintindex":0},"up":{"uv":[9.623,3.998,9.502,3.8145],"rotation":0,"texture":"#0","tintindex":0},"down":{"uv":[4.1855,9.502,4.0645,9.6855],"rotation":0,"texture":"#0","tintindex":0}}},{"from":[3.5107546,7.0325794,-12.533384],"to":[12.770367,12.5883465,-8.82954],"rotation":{"angle":45.0,"axis":"x","origin":[8.140561,1.1746721,3.3343725]},"faces":{"east":{"uv":[4.252,9.502,4.373,9.6855],"rotation":0,"texture":"#0","tintindex":0},"south":{"uv":[7.6895,6.0645,7.998,6.248],"rotation":0,"texture":"#0","tintindex":0},"north":{"uv":[7.502,4.877,7.8105,5.0605],"rotation":0,"texture":"#0","tintindex":0},"west":{"uv":[4.6895,9.502,4.8105,9.6855],"rotation":0,"texture":"#0","tintindex":0},"up":{"uv":[8.873,6.998,8.5645,6.877],"rotation":0,"texture":"#0","tintindex":0},"down":{"uv":[8.873,7.0645,8.5645,7.1855],"rotation":0,"texture":"#0","tintindex":0}}},{"from":[-0.19309044,7.1032333,-9.083797],"to":[16.474213,12.659,-5.3799543],"rotation":{"angle":22.5,"axis":"x","origin":[8.140561,1.1746721,3.3343725]},"faces":{"east":{"uv":[2.6895,9.502,2.8105,9.6855],"rotation":0,"texture":"#0","tintindex":0},"south":{"uv":[6.502,0.002,7.0605,0.1855],"rotation":0,"texture":"#0","tintindex":0},"north":{"uv":[6.4395,0.627,6.998,0.8105],"rotation":0,"texture":"#0","tintindex":0},"west":{"uv":[9.502,3.0645,9.623,3.248],"rotation":0,"texture":"#0","tintindex":0},"up":{"uv":[1.998,7.623,1.4395,7.502],"rotation":0,"texture":"#0","tintindex":0},"down":{"uv":[8.0605,2.0645,7.502,2.1855],"rotation":0,"texture":"#0","tintindex":0}}},{"from":[4.436716,0.0040130615,-8.421005],"to":[11.844405,5.55978,0.8386059],"rotation":{"angle":22.5,"axis":"x","origin":[8.140561,1.1746721,3.3343725]},"faces":{"east":{"uv":[7.752,6.5645,8.0605,6.748],"rotation":0,"texture":"#0","tintindex":0},"south":{"uv":[6.377,8.4395,6.623,8.623],"rotation":0,"texture":"#0","tintindex":0},"north":{"uv":[6.0645,8.4395,6.3105,8.623],"rotation":0,"texture":"#0","tintindex":0},"west":{"uv":[7.752,6.8145,8.0605,6.998],"rotation":0,"texture":"#0","tintindex":0},"up":{"uv":[7.4355,2.748,7.1895,2.4395],"rotation":0,"texture":"#0","tintindex":0},"down":{"uv":[7.4355,2.8145,7.1895,3.123],"rotation":0,"texture":"#0","tintindex":0}}},{"from":[-8.619337,0.0040130615,-8.421005],"to":[-4.915492,5.55978,0.8386059],"rotation":{"angle":22.5,"axis":"x","origin":[8.140561,1.1746721,3.3343725]},"faces":{"east":{"uv":[8.0605,5.127,7.752,5.3105],"rotation":0,"texture":"#0","tintindex":0},"south":{"uv":[5.1855,9.502,5.0645,9.6855],"rotation":0,"texture":"#0","tintindex":0},"north":{"uv":[4.998,9.502,4.877,9.6855],"rotation":0,"texture":"#0","tintindex":0},"west":{"uv":[8.0605,0.002,7.752,0.1855],"rotation":0,"texture":"#0","tintindex":0},"up":{"uv":[8.5645,7.5605,8.6855,7.252],"rotation":0,"texture":"#0","tintindex":0},"down":{"uv":[8.5645,7.627,8.6855,7.9355],"rotation":0,"texture":"#0","tintindex":0}}},{"from":[3.0175781,10.411821,-5.195903],"to":[6.7214227,15.967588,-1.4920578],"rotation":{"angle":22.5,"axis":"x","origin":[8.140561,1.1746721,3.3343725]},"faces":{"east":{"uv":[9.627,7.748,9.8105,7.627],"rotation":90,"texture":"#0","tintindex":0},"south":{"uv":[9.8105,7.4395,9.627,7.5605],"rotation":90,"texture":"#0","tintindex":0},"north":{"uv":[9.8105,0.002,9.627,0.123],"rotation":270,"texture":"#0","tintindex":0},"west":{"uv":[9.627,7.8145,9.8105,7.9355],"rotation":90,"texture":"#0","tintindex":0},"up":{"uv":[6.998,9.877,6.877,9.998],"rotation":90,"texture":"#0","tintindex":0},"down":{"uv":[7.1855,9.877,7.0645,9.998],"rotation":90,"texture":"#0","tintindex":0}}},{"from":[3.0638757,6.5249176,11.768549],"to":[6.7677207,12.080683,15.472394],"rotation":{"angle":-45.0,"axis":"x","origin":[8.140561,1.1746721,3.3343725]},"faces":{"east":{"uv":[8.3145,9.748,8.498,9.627],"rotation":90,"texture":"#0","tintindex":0},"south":{"uv":[9.8105,8.002,9.627,8.123],"rotation":90,"texture":"#0","tintindex":0},"north":{"uv":[8.0605,9.627,7.877,9.748],"rotation":270,"texture":"#0","tintindex":0},"west":{"uv":[8.5645,9.627,8.748,9.748],"rotation":90,"texture":"#0","tintindex":0},"up":{"uv":[7.373,9.877,7.252,9.998],"rotation":90,"texture":"#0","tintindex":0},"down":{"uv":[9.998,7.4395,9.877,7.5605],"rotation":90,"texture":"#0","tintindex":0}}},{"from":[9.808966,11.665823,-2.0608253],"to":[15.364733,15.369667,1.6430192],"rotation":{"angle":-22.5,"axis":"y","origin":[8.140561,1.1746721,3.3343725]},"faces":{"east":{"uv":[6.877,9.877,6.998,9.998],"rotation":0,"texture":"#0","tintindex":0},"south":{"uv":[9.627,7.4395,9.8105,7.5605],"rotation":0,"texture":"#0","tintindex":0},"north":{"uv":[9.627,0.002,9.8105,0.123],"rotation":0,"texture":"#0","tintindex":0},"west":{"uv":[7.0645,9.877,7.1855,9.998],"rotation":0,"texture":"#0","tintindex":0},"up":{"uv":[9.8105,7.748,9.627,7.627],"rotation":0,"texture":"#0","tintindex":0},"down":{"uv":[9.8105,7.8145,9.627,7.9355],"rotation":0,"texture":"#0","tintindex":0}}},{"from":[7.69794,11.71212,5.975683],"to":[13.253707,15.415964,9.679528],"rotation":{"angle":45.0,"axis":"y","origin":[8.140561,1.1746721,3.3343725]},"faces":{"east":{"uv":[7.252,9.877,7.373,9.998],"rotation":0,"texture":"#0","tintindex":0},"south":{"uv":[9.627,8.002,9.8105,8.123],"rotation":0,"texture":"#0","tintindex":0},"north":{"uv":[7.877,9.627,8.0605,9.748],"rotation":0,"texture":"#0","tintindex":0},"west":{"uv":[9.877,7.4395,9.998,7.5605],"rotation":0,"texture":"#0","tintindex":0},"up":{"uv":[8.498,9.748,8.3145,9.627],"rotation":0,"texture":"#0","tintindex":0},"down":{"uv":[8.748,9.627,8.5645,9.748],"rotation":0,"texture":"#0","tintindex":0}}},{"from":[4.436716,12.554813,5.2948103],"to":[11.844405,19.036543,10.850577],"rotation":{"angle":0.0,"axis":"y","origin":[8.140561,1.1746721,3.3343725]},"faces":{"east":{"uv":[0.502,8.5645,0.6855,8.78125],"rotation":0,"texture":"#0","tintindex":0},"south":{"uv":[8.252,3.502,8.498,3.71875],"rotation":0,"texture":"#0","tintindex":0},"north":{"uv":[8.252,3.1895,8.498,3.40625],"rotation":0,"texture":"#0","tintindex":0},"west":{"uv":[2.252,8.5645,2.4355,8.78125],"rotation":0,"texture":"#0","tintindex":0},"up":{"uv":[7.873,8.623,7.627,8.4395],"rotation":0,"texture":"#0","tintindex":0},"down":{"uv":[8.1855,8.4395,7.9395,8.623],"rotation":0,"texture":"#0","tintindex":0}}},{"from":[-0.10029316,19.191532,0.07399273],"to":[3.6035519,22.895378,5.62976],"rotation":{"angle":0.0,"axis":"y","origin":[8.140561,1.1746721,3.3343725]},"faces":{"east":{"uv":[9.8105,9.373,9.627,9.252],"rotation":0,"texture":"#0","tintindex":0},"south":{"uv":[9.877,7.8145,9.998,7.9355],"rotation":90,"texture":"#0","tintindex":0},"north":{"uv":[9.877,7.627,9.998,7.748],"rotation":270,"texture":"#0","tintindex":0},"west":{"uv":[9.5605,9.627,9.377,9.748],"rotation":180,"texture":"#0","tintindex":0},"up":{"uv":[9.627,9.0645,9.8105,9.1855],"rotation":90,"texture":"#0","tintindex":0},"down":{"uv":[9.127,9.627,9.3105,9.748],"rotation":90,"texture":"#0","tintindex":0}}},{"from":[-0.053995132,12.272818,17.66938],"to":[3.64985,15.976664,23.225147],"rotation":{"angle":-45.0,"axis":"x","origin":[8.140561,1.1746721,3.3343725]},"faces":{"east":{"uv":[9.873,0.3105,9.6895,0.1895],"rotation":0,"texture":"#0","tintindex":0},"south":{"uv":[9.877,8.1895,9.998,8.3105],"rotation":90,"texture":"#0","tintindex":0},"north":{"uv":[9.877,8.002,9.998,8.123],"rotation":270,"texture":"#0","tintindex":0},"west":{"uv":[9.873,0.377,9.6895,0.498],"rotation":180,"texture":"#0","tintindex":0},"up":{"uv":[9.627,9.4395,9.8105,9.5605],"rotation":90,"texture":"#0","tintindex":0},"down":{"uv":[9.627,9.627,9.8105,9.748],"rotation":90,"texture":"#0","tintindex":0}}},{"from":[12.107936,20.788815,12.107903],"to":[17.663702,24.492657,15.811748],"rotation":{"angle":22.5,"axis":"y","origin":[8.140561,1.1746721,3.3343725]},"faces":{"east":{"uv":[9.877,7.627,9.998,7.748],"rotation":0,"texture":"#0","tintindex":0},"south":{"uv":[9.127,9.627,9.3105,9.748],"rotation":0,"texture":"#0","tintindex":0},"north":{"uv":[9.627,9.0645,9.8105,9.1855],"rotation":0,"texture":"#0","tintindex":0},"west":{"uv":[9.877,7.8145,9.998,7.9355],"rotation":0,"texture":"#0","tintindex":0},"up":{"uv":[9.8105,9.373,9.627,9.252],"rotation":0,"texture":"#0","tintindex":0},"down":{"uv":[9.5605,9.627,9.377,9.748],"rotation":0,"texture":"#0","tintindex":0}}},{"from":[14.240908,20.835114,5.6666193],"to":[19.796673,24.53896,9.370464],"rotation":{"angle":-22.5,"axis":"y","origin":[8.140561,1.1746721,3.3343725]},"faces":{"east":{"uv":[9.877,8.002,9.998,8.123],"rotation":0,"texture":"#0","tintindex":0},"south":{"uv":[9.627,9.627,9.8105,9.748],"rotation":0,"texture":"#0","tintindex":0},"north":{"uv":[9.627,9.4395,9.8105,9.5605],"rotation":0,"texture":"#0","tintindex":0},"west":{"uv":[9.877,8.1895,9.998,8.3105],"rotation":0,"texture":"#0","tintindex":0},"up":{"uv":[9.873,0.3105,9.6895,0.1895],"rotation":0,"texture":"#0","tintindex":0},"down":{"uv":[9.873,0.377,9.6895,0.498],"rotation":0,"texture":"#0","tintindex":0}}},{"from":[1.6284342,23.844486,-0.72393703],"to":[1.6284342,29.400253,4.83183],"rotation":{"angle":0.0,"axis":"y","origin":[8.140561,1.1746721,3.3343725]},"faces":{"east":{"uv":[5.127,8.9395,5.3105,9.123],"rotation":0,"texture":"#0","tintindex":0},"south":{"uv":[4.4395,6.502,4.4395,6.6855],"rotation":0,"texture":"#0","tintindex":0},"north":{"uv":[0.502,6.6895,0.502,6.873],"rotation":0,"texture":"#0","tintindex":0},"west":{"uv":[5.3105,8.9395,5.127,9.123],"rotation":0,"texture":"#0","tintindex":0},"up":{"uv":[2.373,4.877,2.1895,4.877],"rotation":90,"texture":"#0","tintindex":0},"down":{"uv":[6.623,2.9395,6.4395,2.9395],"rotation":270,"texture":"#0","tintindex":0}}},{"from":[-1.1494493,23.844486,2.0539465],"to":[4.4063177,29.400253,2.0539465],"rotation":{"angle":0.0,"axis":"y","origin":[8.140561,1.1746721,3.3343725]},"faces":{"east":{"uv":[4.4395,6.502,4.4395,6.6855],"rotation":0,"texture":"#0","tintindex":0},"south":{"uv":[5.3105,8.9395,5.127,9.123],"rotation":0,"texture":"#0","tintindex":0},"north":{"uv":[5.127,8.9395,5.3105,9.123],"rotation":0,"texture":"#0","tintindex":0},"west":{"uv":[0.502,6.6895,0.502,6.873],"rotation":0,"texture":"#0","tintindex":0},"up":{"uv":[2.373,4.877,2.1895,4.877],"rotation":0,"texture":"#0","tintindex":0},"down":{"uv":[6.623,2.9395,6.4395,2.9395],"rotation":0,"texture":"#0","tintindex":0}}},{"from":[3.5107546,19.036543,5.2948103],"to":[12.770367,24.592308,10.850577],"rotation":{"angle":0.0,"axis":"y","origin":[8.140561,1.1746721,3.3343725]},"faces":{"east":{"uv":[8.9395,2.9395,9.123,3.123],"rotation":0,"texture":"#0","tintindex":0},"south":{"uv":[7.9395,0.502,8.248,0.6855],"rotation":0,"texture":"#0","tintindex":0},"north":{"uv":[7.9395,0.252,8.248,0.4355],"rotation":0,"texture":"#0","tintindex":0},"west":{"uv":[8.9395,3.1895,9.123,3.373],"rotation":0,"texture":"#0","tintindex":0},"up":{"uv":[8.248,0.9355,7.9395,0.752],"rotation":0,"texture":"#0","tintindex":0},"down":{"uv":[7.498,7.9395,7.1895,8.123],"rotation":0,"texture":"#0","tintindex":0}}},{"from":[4.436716,24.592308,4.3688493],"to":[11.844405,32.0,11.776539],"rotation":{"angle":0.0,"axis":"y","origin":[8.140561,1.1746721,3.3343725]},"faces":{"east":{"uv":[2.752,7.5645,2.998,7.8105],"rotation":0,"texture":"#0","tintindex":0},"south":{"uv":[7.5645,2.9395,7.8105,3.1855],"rotation":0,"texture":"#0","tintindex":0},"north":{"uv":[2.4395,7.5645,2.6855,7.8105],"rotation":0,"texture":"#0","tintindex":0},"west":{"uv":[7.5645,4.127,7.8105,4.373],"rotation":0,"texture":"#0","tintindex":0},"up":{"uv":[7.8105,5.998,7.5645,5.752],"rotation":0,"texture":"#0","tintindex":0},"down":{"uv":[7.873,0.252,7.627,0.498],"rotation":0,"texture":"#0","tintindex":0}}},{"from":[19.205797,9.776932,12.87414],"to":[24.761564,15.332697,16.577984],"rotation":{"angle":0.0,"axis":"y","origin":[8.140561,1.1746721,3.3343725]},"faces":{"east":{"uv":[9.8105,8.1895,9.6895,8.373],"rotation":0,"texture":"#0","tintindex":0},"south":{"uv":[9.1855,1.3145,9.002,1.498],"rotation":0,"texture":"#0","tintindex":0},"north":{"uv":[9.1855,0.6895,9.002,0.873],"rotation":0,"texture":"#0","tintindex":0},"west":{"uv":[7.623,9.6895,7.502,9.873],"rotation":0,"texture":"#0","tintindex":0},"up":{"uv":[9.6895,7.373,9.873,7.252],"rotation":0,"texture":"#0","tintindex":0},"down":{"uv":[8.8145,9.6895,8.998,9.8105],"rotation":0,"texture":"#0","tintindex":0}}},{"from":[-8.480442,9.776932,12.87414],"to":[-2.924676,15.332697,16.577984],"rotation":{"angle":0.0,"axis":"y","origin":[8.140561,1.1746721,3.3343725]},"faces":{"east":{"uv":[7.502,9.6895,7.623,9.873],"rotation":0,"texture":"#0","tintindex":0},"south":{"uv":[9.002,1.3145,9.1855,1.498],"rotation":0,"texture":"#0","tintindex":0},"north":{"uv":[9.002,0.6895,9.1855,0.873],"rotation":0,"texture":"#0","tintindex":0},"west":{"uv":[9.6895,8.1895,9.8105,8.373],"rotation":0,"texture":"#0","tintindex":0},"up":{"uv":[9.873,7.373,9.6895,7.252],"rotation":0,"texture":"#0","tintindex":0},"down":{"uv":[8.998,9.6895,8.8145,9.8105],"rotation":0,"texture":"#0","tintindex":0}}},{"from":[5.362677,20.888464,12.87414],"to":[10.918444,26.44423,16.577984],"rotation":{"angle":0.0,"axis":"y","origin":[8.140561,1.1746721,3.3343725]},"faces":{"east":{"uv":[9.6895,5.377,9.8105,5.5605],"rotation":0,"texture":"#0","tintindex":0},"south":{"uv":[7.127,8.9395,7.3105,9.123],"rotation":0,"texture":"#0","tintindex":0},"north":{"uv":[8.9395,7.002,9.123,7.1855],"rotation":0,"texture":"#0","tintindex":0},"west":{"uv":[5.4395,9.6895,5.5605,9.873],"rotation":0,"texture":"#0","tintindex":0},"up":{"uv":[5.8105,9.8105,5.627,9.6895],"rotation":0,"texture":"#0","tintindex":0},"down":{"uv":[9.873,5.627,9.6895,5.748],"rotation":0,"texture":"#0","tintindex":0}}},{"from":[11.670068,20.193586,12.920438],"to":[17.225834,25.749352,16.624283],"rotation":{"angle":45.0,"axis":"z","origin":[8.140561,1.1746721,3.3343725]},"faces":{"east":{"uv":[9.6895,5.8145,9.8105,5.998],"rotation":0,"texture":"#0","tintindex":0},"south":{"uv":[8.9395,8.877,9.123,9.0605],"rotation":0,"texture":"#0","tintindex":0},"north":{"uv":[8.9395,8.627,9.123,8.8105],"rotation":0,"texture":"#0","tintindex":0},"west":{"uv":[5.877,9.6895,5.998,9.873],"rotation":0,"texture":"#0","tintindex":0},"up":{"uv":[6.248,9.8105,6.0645,9.6895],"rotation":0,"texture":"#0","tintindex":0},"down":{"uv":[9.873,6.0645,9.6895,6.1855],"rotation":0,"texture":"#0","tintindex":0}}},{"from":[-0.9447136,20.193586,12.920438],"to":[4.6110535,25.749352,16.624283],"rotation":{"angle":-45.0,"axis":"z","origin":[8.140561,1.1746721,3.3343725]},"faces":{"east":{"uv":[7.0645,9.627,7.1855,9.8105],"rotation":0,"texture":"#0","tintindex":0},"south":{"uv":[6.877,8.9395,7.0605,9.123],"rotation":0,"texture":"#0","tintindex":0},"north":{"uv":[8.9395,6.752,9.123,6.9355],"rotation":0,"texture":"#0","tintindex":0},"west":{"uv":[2.877,9.6895,2.998,9.873],"rotation":0,"texture":"#0","tintindex":0},"up":{"uv":[4.623,9.8105,4.4395,9.6895],"rotation":0,"texture":"#0","tintindex":0},"down":{"uv":[9.873,5.1895,9.6895,5.3105],"rotation":0,"texture":"#0","tintindex":0}}},{"from":[-2.970974,9.776932,11.022217],"to":[19.252094,20.888464,16.577984],"rotation":{"angle":0.0,"axis":"y","origin":[8.140561,1.1746721,3.3343725]},"faces":{"east":{"uv":[1.627,4.4395,1.8105,4.8105],"rotation":0,"texture":"#0","tintindex":0},"south":{"uv":[4.5645,3.252,5.3105,3.623],"rotation":0,"texture":"#0","tintindex":0},"north":{"uv":[4.4395,0.752,5.1855,1.123],"rotation":0,"texture":"#0","tintindex":0},"west":{"uv":[5.1895,7.377,5.373,7.748],"rotation":0,"texture":"#0","tintindex":0},"up":{"uv":[6.0605,1.6855,5.3145,1.502],"rotation":0,"texture":"#0","tintindex":0},"down":{"uv":[6.6855,0.377,5.9395,0.5605],"rotation":0,"texture":"#0","tintindex":0}}},{"from":[-8.57304,-2.1072607,13.225968],"to":[24.85416,3.4485064,18.781734],"rotation":{"angle":-45.0,"axis":"x","origin":[8.140561,1.1746721,3.3343725]},"faces":{"east":{"uv":[2.252,8.877,2.4355,9.0605],"rotation":0,"texture":"#0","tintindex":0},"south":{"uv":[5.1895,1.752,6.3105,1.9355],"rotation":0,"texture":"#0","tintindex":0},"north":{"uv":[0.002,5.1895,1.123,5.373],"rotation":0,"texture":"#0","tintindex":0},"west":{"uv":[8.9395,2.6895,9.123,2.873],"rotation":0,"texture":"#0","tintindex":0},"up":{"uv":[6.3105,2.1855,5.1895,2.002],"rotation":0,"texture":"#0","tintindex":0},"down":{"uv":[6.373,0.627,5.252,0.8105],"rotation":0,"texture":"#0","tintindex":0}}},{"from":[-8.526741,5.8484097,-5.8697605],"to":[24.807861,11.404177,12.649464],"rotation":{"angle":0.0,"axis":"y","origin":[8.140561,1.1746721,3.3343725]},"faces":{"east":{"uv":[6.377,1.8145,6.998,1.998],"rotation":0,"texture":"#0","tintindex":0},"south":{"uv":[5.002,5.0645,6.123,5.248],"rotation":0,"texture":"#0","tintindex":0},"north":{"uv":[4.8145,3.002,5.9355,3.1855],"rotation":0,"texture":"#0","tintindex":0},"west":{"uv":[5.5645,6.377,6.1855,6.5605],"rotation":0,"texture":"#0","tintindex":0},"up":{"uv":[1.123,0.623,0.002,0.002],"rotation":0,"texture":"#0","tintindex":0},"down":{"uv":[1.123,0.6895,0.002,1.3105],"rotation":0,"texture":"#0","tintindex":0}}},{"from":[-4.776598,-12.05327,-1.9687996],"to":[21.05772,6.465954,12.84658],"rotation":{"angle":0.0,"axis":"y","origin":[8.140561,1.1746721,3.3343725]},"faces":{"east":{"uv":[3.9395,4.127,4.4355,4.748],"rotation":0,"texture":"#0","tintindex":0},"south":{"uv":[1.9395,0.002,2.8105,0.623],"rotation":0,"texture":"#0","tintindex":0},"north":{"uv":[1.502,1.877,2.373,2.498],"rotation":0,"texture":"#0","tintindex":0},"west":{"uv":[1.877,4.1895,2.373,4.8105],"rotation":0,"texture":"#0","tintindex":0},"up":{"uv":[3.9355,2.4355,3.0645,1.9395],"rotation":0,"texture":"#0","tintindex":0},"down":{"uv":[1.498,3.1895,0.627,3.6855],"rotation":0,"texture":"#0","tintindex":0}}},{"from":[-4.822896,-7.782695,-5.9030647],"to":[21.104017,8.884605,7.060392],"rotation":{"angle":-22.5,"axis":"x","origin":[8.140561,1.1746721,3.3343725]},"faces":{"east":{"uv":[4.502,4.877,4.9355,5.4355],"rotation":0,"texture":"#0","tintindex":0},"south":{"uv":[2.4395,1.3145,3.3105,1.873],"rotation":0,"texture":"#0","tintindex":0},"north":{"uv":[1.9395,0.6895,2.8105,1.248],"rotation":0,"texture":"#0","tintindex":0},"west":{"uv":[4.9395,0.002,5.373,0.5605],"rotation":0,"texture":"#0","tintindex":0},"up":{"uv":[4.248,2.9355,3.377,2.502],"rotation":0,"texture":"#0","tintindex":0},"down":{"uv":[4.248,3.002,3.377,3.4355],"rotation":0,"texture":"#0","tintindex":0}}}],"display":{"head":{"translation":[0.0,68.86967,8.309967],"scale":[4.0,4.0,4.0]}}}