{"textures":{"0":"modelengine:entity/ender_fly_texture"},"elements":[{"from":[-8.0,7.714286,3.7142854],"to":[8.0,8.285714,12.285715],"rotation":{"angle":0.0,"axis":"y","origin":[7.428571,7.714286,4.285714]},"faces":{"east":{"uv":[9.5,0.75,11.375,0.875],"rotation":0,"texture":"#0","tintindex":0},"south":{"uv":[8.75,1.0,12.25,1.125],"rotation":0,"texture":"#0","tintindex":0},"north":{"uv":[8.75,0.875,12.25,1.0],"rotation":0,"texture":"#0","tintindex":0},"west":{"uv":[9.75,3.875,11.625,4.0],"rotation":0,"texture":"#0","tintindex":0},"up":{"uv":[3.5,1.875,0.0,0.0],"rotation":0,"texture":"#0","tintindex":0},"down":{"uv":[3.5,1.875,0.0,3.75],"rotation":0,"texture":"#0","tintindex":0}}}],"display":{"head":{"translation":[0.0,-6.4,0.0],"scale":[4.0,4.0,4.0]}}}