{"textures":{"0":"modelengine:entity/water_elemental_texture"},"elements":[{"from":[6.0,5.0,6.142857],"to":[10.0,8.0,10.428572],"rotation":{"angle":0.0,"axis":"y","origin":[8.0,0.0,8.0]},"faces":{"east":{"uv":[2.0,6.0,2.875,6.6875],"rotation":0,"texture":"#0","tintindex":0},"south":{"uv":[2.875,6.0,3.75,6.6875],"rotation":0,"texture":"#0","tintindex":0},"north":{"uv":[6.0,0.0,6.875,0.6875],"rotation":0,"texture":"#0","tintindex":0},"west":{"uv":[6.125,0.75,7.0,1.4375],"rotation":0,"texture":"#0","tintindex":0},"up":{"uv":[0.875,5.75,0.0,4.875],"rotation":0,"texture":"#0","tintindex":0},"down":{"uv":[6.0,0.0,5.125,0.875],"rotation":0,"texture":"#0","tintindex":0}}},{"from":[6.0857143,2.7142854,6.5142856],"to":[9.914286,4.428571,10.057143],"rotation":{"angle":0.0,"axis":"y","origin":[8.0,0.0,8.0]},"faces":{"east":{"uv":[8.75,1.25,9.5,1.625],"rotation":0,"texture":"#0","tintindex":0},"south":{"uv":[8.5,2.625,9.3125,3.0],"rotation":0,"texture":"#0","tintindex":0},"north":{"uv":[6.25,2.0,7.0625,2.375],"rotation":0,"texture":"#0","tintindex":0},"west":{"uv":[1.75,8.75,2.5,9.125],"rotation":0,"texture":"#0","tintindex":0},"up":{"uv":[6.6875,4.625,5.875,3.875],"rotation":0,"texture":"#0","tintindex":0},"down":{"uv":[6.6875,4.625,5.875,5.375],"rotation":0,"texture":"#0","tintindex":0}}},{"from":[4.0,8.0,5.714286],"to":[12.0,11.428572,10.857143],"rotation":{"angle":0.0,"axis":"y","origin":[8.0,0.0,8.0]},"faces":{"east":{"uv":[5.125,0.875,6.125,1.625],"rotation":0,"texture":"#0","tintindex":0},"south":{"uv":[1.75,0.75,3.5,1.5],"rotation":0,"texture":"#0","tintindex":0},"north":{"uv":[1.75,0.0,3.5,0.75],"rotation":0,"texture":"#0","tintindex":0},"west":{"uv":[5.25,1.625,6.25,2.375],"rotation":0,"texture":"#0","tintindex":0},"up":{"uv":[1.75,1.0,0.0,0.0],"rotation":0,"texture":"#0","tintindex":0},"down":{"uv":[1.75,1.0,0.0,2.0],"rotation":0,"texture":"#0","tintindex":0}}},{"from":[6.142857,2.7142854,6.5714283],"to":[9.857143,5.0,10.0],"rotation":{"angle":0.0,"axis":"y","origin":[8.0,0.0,8.0]},"faces":{"east":{"uv":[7.75,4.625,8.5,5.125],"rotation":0,"texture":"#0","tintindex":0},"south":{"uv":[2.5,7.375,3.3125,7.875],"rotation":0,"texture":"#0","tintindex":0},"north":{"uv":[1.625,7.375,2.4375,7.875],"rotation":0,"texture":"#0","tintindex":0},"west":{"uv":[0.0,7.875,0.75,8.375],"rotation":0,"texture":"#0","tintindex":0},"up":{"uv":[6.6875,3.875,5.875,3.125],"rotation":0,"texture":"#0","tintindex":0},"down":{"uv":[4.5625,5.875,3.75,6.625],"rotation":0,"texture":"#0","tintindex":0}}},{"from":[10.857143,5.5714283,6.285714],"to":[12.571428,8.428572,9.857143],"rotation":{"angle":45.0,"axis":"z","origin":[8.0,0.0,8.0]},"faces":{"east":{"uv":[2.0,6.75,2.8125,7.375],"rotation":0,"texture":"#0","tintindex":0},"south":{"uv":[7.875,8.875,8.25,9.5],"rotation":0,"texture":"#0","tintindex":0},"north":{"uv":[7.5,8.875,7.875,9.5],"rotation":0,"texture":"#0","tintindex":0},"west":{"uv":[2.875,6.75,3.6875,7.375],"rotation":0,"texture":"#0","tintindex":0},"up":{"uv":[1.375,9.3125,1.0,8.5],"rotation":0,"texture":"#0","tintindex":0},"down":{"uv":[1.75,8.5,1.375,9.3125],"rotation":0,"texture":"#0","tintindex":0}}},{"from":[3.4285712,5.5714283,6.285714],"to":[5.142857,8.428572,9.857143],"rotation":{"angle":-45.0,"axis":"z","origin":[8.0,0.0,8.0]},"faces":{"east":{"uv":[3.75,6.625,4.5625,7.25],"rotation":0,"texture":"#0","tintindex":0},"south":{"uv":[3.0,8.875,3.375,9.5],"rotation":0,"texture":"#0","tintindex":0},"north":{"uv":[0.0,8.875,0.375,9.5],"rotation":0,"texture":"#0","tintindex":0},"west":{"uv":[1.125,6.75,1.9375,7.375],"rotation":0,"texture":"#0","tintindex":0},"up":{"uv":[4.0,9.0625,3.625,8.25],"rotation":0,"texture":"#0","tintindex":0},"down":{"uv":[1.0,8.5,0.625,9.3125],"rotation":0,"texture":"#0","tintindex":0}}},{"from":[17.142857,5.285714,6.0],"to":[18.857143,7.714286,10.0],"rotation":{"angle":45.0,"axis":"z","origin":[8.0,0.0,8.0]},"faces":{"east":{"uv":[4.625,6.75,5.5,7.3125],"rotation":0,"texture":"#0","tintindex":0},"south":{"uv":[1.75,9.125,2.125,9.6875],"rotation":0,"texture":"#0","tintindex":0},"north":{"uv":[9.125,0.0,9.5,0.5625],"rotation":0,"texture":"#0","tintindex":0},"west":{"uv":[5.5,6.75,6.375,7.3125],"rotation":0,"texture":"#0","tintindex":0},"up":{"uv":[4.5,8.625,4.125,7.75],"rotation":0,"texture":"#0","tintindex":0},"down":{"uv":[2.375,7.875,2.0,8.75],"rotation":0,"texture":"#0","tintindex":0}}},{"from":[-2.8571434,5.285714,6.0],"to":[-1.1428576,7.714286,10.0],"rotation":{"angle":-45.0,"axis":"z","origin":[8.0,0.0,8.0]},"faces":{"east":{"uv":[6.375,6.75,7.25,7.3125],"rotation":0,"texture":"#0","tintindex":0},"south":{"uv":[3.375,9.125,3.75,9.6875],"rotation":0,"texture":"#0","tintindex":0},"north":{"uv":[2.125,9.125,2.5,9.6875],"rotation":0,"texture":"#0","tintindex":0},"west":{"uv":[6.875,0.0,7.75,0.5625],"rotation":0,"texture":"#0","tintindex":0},"up":{"uv":[2.75,8.75,2.375,7.875],"rotation":0,"texture":"#0","tintindex":0},"down":{"uv":[3.125,7.875,2.75,8.75],"rotation":0,"texture":"#0","tintindex":0}}},{"from":[5.714286,11.285714,6.0],"to":[10.285714,13.285715,10.142858],"rotation":{"angle":0.0,"axis":"y","origin":[8.0,0.0,8.0]},"faces":{"east":{"uv":[7.125,7.5,8.0,7.9375],"rotation":0,"texture":"#0","tintindex":0},"south":{"uv":[7.25,6.5,8.25,6.9375],"rotation":0,"texture":"#0","tintindex":0},"north":{"uv":[6.75,4.875,7.75,5.3125],"rotation":0,"texture":"#0","tintindex":0},"west":{"uv":[7.625,5.375,8.5,5.8125],"rotation":0,"texture":"#0","tintindex":0},"up":{"uv":[4.75,4.125,3.75,3.25],"rotation":0,"texture":"#0","tintindex":0},"down":{"uv":[1.0,4.0,0.0,4.875],"rotation":0,"texture":"#0","tintindex":0}}},{"from":[8.0,11.428572,4.285714],"to":[8.0,14.428572,11.142858],"rotation":{"angle":0.0,"axis":"y","origin":[8.0,0.0,8.0]},"faces":{"east":{"uv":[2.25,3.5,3.75,4.1875],"rotation":0,"texture":"#0","tintindex":0},"south":{"uv":[0.0,0.0,0.0,0.6875],"rotation":0,"texture":"#0","tintindex":0},"north":{"uv":[0.0,0.0,0.0,0.6875],"rotation":0,"texture":"#0","tintindex":0},"west":{"uv":[3.75,2.5,5.25,3.1875],"rotation":0,"texture":"#0","tintindex":0},"up":{"uv":[0.0,1.5,0.0,0.0],"rotation":0,"texture":"#0","tintindex":0},"down":{"uv":[0.0,0.0,0.0,1.5],"rotation":0,"texture":"#0","tintindex":0}}}],"display":{"head":{"translation":[0.0,-6.4,0.0],"scale":[4.0,4.0,4.0]}}}